state,year,Diabetes,Age - 25 to 34 years,Age - 35 to 44 years,Age - 45 to 54 years,Age - 55 to 64 years,Age - 65 years or more,Education - Bachelor degree or higher,Education - High school graduate,Education - Some college or associate degree,Employment status - Unemployed,Gender - Male,Household income - 15000 to 24999,Household income - 25000 to 34999,Household income - 35000 to 49999,Household income - 50000 or more,Marital status - Divorced,Marital status - Never married,Marital status - Separated,Marital status - Widowed,Race - American Indian and Alaska native,Race - Asian,Race - Black or African American,Race - Native Hawaiian and other Pacific Islander,Race - Some other race,Race - Two or more races
AL,2007,10.3,12.7,13.7,14.4,11.4,13.5,19.49411541,32.20443203,28.46648048,6.7,48.36575335,13.6,11.9,14.9,41.3,11.8,27.1,2.4,7.5,0.447075759,0.962887526,26.19181127,0.032801402,0.749570373,1.300128288
AK,2007,6.1,13.9,14.2,16.1,10.7,6.9,22.72935809,32.07580933,34.60461861,8.8,52.2738113,7.9,8,12.6,62.6,11.5,32.5,2,3.3,13.46905094,4.818882246,3.777883121,0.728333611,2.272348196,6.864888116
AZ,2007,8.4,14.5,13.6,12.9,10.3,12.9,22.91435885,27.62482274,32.11213316,5.8,50.06175503,11,11.8,15.5,49.8,12.4,30.6,1.9,5.9,4.434561677,2.388702513,3.549450957,0.121490734,10.68329664,2.435415156
AR,2007,9.2,12.9,13.4,14,11.3,14,17.70737588,35.75090599,27.73990616,7.2,48.93595556,14.3,13,16.1,37.7,11.8,24.6,2.4,7.6,0.614682462,1.197016929,15.60178736,0.080217384,2.252577521,1.702837981
CA,2007,7.6,14.3,14.9,14,9.7,10.9,26.47715009,24.52667215,29.43631069,6.6,50.01406306,9.7,9.3,13,57.5,9.5,34.6,2.5,5.3,0.72784569,12.34202518,6.191966972,0.345646751,16.67959166,3.453556684
CO,2007,5.3,14.9,14.9,15.2,10.7,10.1,31.72578182,25.83911684,30.851326,5.5,50.41860408,9.6,9.8,14.6,54.7,12.3,29.4,1.7,4.6,0.94974509,2.709011491,3.892140619,0.076190241,6.228655059,2.609412909
CT,2007,7.3,11.5,15.1,15.8,11.4,13.5,31.96161891,29.80158382,26.31616374,6,48.71500487,8.4,8,12.3,62.1,9.6,31.5,1.5,6.6,0.234445333,3.375373218,9.376699771,0.02555457,5.407261324,2.02169483
DE,2007,8.7,12.2,14.4,14.6,11.5,13.5,23.81216251,33.46803326,29.29256355,5.6,48.41309305,9.5,10.2,14.6,54.9,10.3,30.8,1.6,7,0.257064355,2.933979675,20.31560056,0.061519675,2.153535531,1.963310221
FL,2007,8.7,12.3,14.1,14.1,11.6,17,23.72428598,31.84215066,28.78612229,6.2,49.11969557,11.9,11.8,15.7,48.1,12.3,28.1,2.3,7.5,0.29574972,2.241732248,15.34347003,0.054911329,4.054792323,1.732890193
GA,2007,10.1,14,15.5,14.1,10.3,9.9,24.45281689,31.03749911,26.77812255,7,49.22342649,10.9,11,15.3,49.2,11.4,31.4,2.4,5.9,0.23416014,2.77836507,29.91371173,0.050540873,3.768762933,1.242567904
HI,2007,7.7,13.7,14,14.3,11.7,14.4,26.57950218,31.41452473,31.40532847,4.5,50.29523418,7.4,8.2,12.8,62.3,9.3,31.3,1.6,6.6,0.261729111,38.84000785,2.16894657,8.460652585,1.327268137,22.31040028
ID,2007,7.9,14,13,13.8,10.7,11.7,21.90821988,30.65952656,35.05940197,5.1,50.18667442,11.9,13.2,17.1,46.2,11.4,23.9,1.2,5.2,1.290314405,1.121113617,0.600972921,0.143323805,2.205612638,2.178668563
IL,2007,8.8,13.8,14.4,14.5,10.3,12,26.95042358,29.44993949,29.02466719,7.2,49.27037036,10.4,9.9,13.9,54,9.5,32.7,1.8,6.2,0.16887702,4.293584432,14.65910884,0.047259112,8.813684259,1.5483778
IN,2007,8.5,13.2,14.1,14.7,10.8,12.5,20.18943517,36.5404371,28.38816046,6.6,49.25421049,11.3,12.2,16.1,47.6,12.1,27.5,1.5,6.2,0.211337892,1.311208993,8.686995974,0.015271172,2.408006948,1.683169986
IA,2007,6.8,12.3,13.1,14.9,11.2,14.7,22.18420445,34.63188766,32.61150432,4.8,49.33520122,12.3,12,15.5,47.6,9.8,26.9,1.3,6.7,0.304914883,1.601346967,2.343269701,0.046686013,1.754825142,1.377421439
KS,2007,7.3,12.9,13.4,14.6,10.7,12.9,25.92292988,30.08880888,32.4767101,5.1,49.47562984,12.3,12,16.2,47.7,11.1,26.3,1.4,6.4,0.850685357,2.15951242,5.737326085,0.037319925,3.046869287,2.619779488
KY,2007,9.9,13.6,14.4,14.7,11.6,12.9,18.34790415,35.31433577,26.6478998,6.6,48.93067834,13.6,12.1,15.4,40.7,12.5,26.5,2.2,7.3,0.164423971,0.937150623,7.595213362,0.042744574,0.804154405,1.304263565
LA,2007,10.2,12.9,13.5,14.4,10.8,12.2,18.25700998,35.53854185,25.89895597,6.4,48.64220289,13.2,11.6,14.6,41.7,11,32.2,2.6,7.2,0.505054034,1.393481419,31.62889534,0.041996607,0.950595406,1.279044741
ME,2007,7.8,11.1,14.3,16.7,13.2,14.8,24.65508264,36.1221811,28.12264373,6,48.74328788,12.7,11.7,15.8,46.1,12.4,25.8,1.4,6.6,0.573713927,0.965527818,1.112353639,0.022471791,0.291374097,1.798198765
MD,2007,8.4,12.6,15.1,15.4,11.1,11.8,32.2632591,28.09250659,26.73904717,5.5,48.34139739,7.4,7.9,12,64.2,9.4,33.3,2.7,6.1,0.232061262,4.894716308,28.94121471,0.053752494,3.256600165,2.052918084
MA,2007,7.4,12.7,15.2,15.4,11.3,13.3,35.03198618,28.2134074,24.97374068,6.1,48.48946976,8.6,8.3,11.7,59.5,9.1,35,1.8,6.3,0.175929163,4.816524039,5.963249767,0.030481778,4.497132062,1.871357904
MI,2007,8.8,12.4,14.2,15.3,11.4,12.7,22.55198795,32.34885686,32.24343947,9.6,49.23272075,11.5,11.5,15,48.2,11.1,31.2,1.5,6.4,0.51855563,2.385010378,14.06532999,0.023511138,1.665656919,1.895803957
MN,2007,5.7,13,14.3,15.6,10.9,12.2,28.32561213,28.70335799,33.40256096,5.4,49.8302204,9.4,9.8,14.8,55.5,9.5,30.1,1.2,5.5,0.995917171,3.47659054,4.344256728,0.026858442,1.375975663,1.846210026
MS,2007,11.1,12.6,13.4,13.8,10.8,12.4,16.91931552,32.14758556,29.21464107,9.3,48.43227576,14.7,12.7,14.9,36.7,10.7,31.3,2.9,7.7,0.376320969,0.692308615,37.51735739,0.060881497,0.656060655,0.907466634
MO,2007,8,12.9,13.8,14.9,11.2,13.4,22.45619657,33.67664263,29.14781651,6.3,48.74364944,12.3,11.9,15.7,45.3,11.7,27.9,2.1,6.6,0.382994396,1.388486522,11.29593606,0.130460337,1.040263404,1.887090313
MT,2007,6.6,12.2,12.5,15.9,12.6,13.7,24.17131267,33.32647741,31.97746235,5.2,49.99441464,13.5,11.6,17,43.1,12.2,27.8,1.4,5.8,6.1737559,0.526172378,0.622324116,0.080805044,0.575970835,2.424986506
NE,2007,7.1,12.7,13,14.6,10.5,13.3,25.1076269,30.82831211,33.41015965,4.6,49.54121306,11.9,12.1,16.3,47,9.7,28.4,1.2,6.5,0.667654323,1.44998425,3.963380445,0.165955603,2.594711623,2.003639189
NV,2007,8,14.7,14.9,13.9,11.2,11.1,19.93448117,31.74620753,31.29396054,5.6,50.75088232,9.8,10.1,15.9,55.4,13.5,28.8,2.3,5,1.252717919,6.065490442,7.415581773,0.533682703,7.808895517,2.971370346
NH,2007,7.2,11.4,15.3,16.7,12.1,12.6,29.73466984,31.60789585,28.84752662,5.1,49.18393589,8.3,9.2,13.4,60.9,11.4,28.1,1.3,5.5,0.207245932,2.035980386,0.953468082,0.020443401,0.770769432,1.24111966
NJ,2007,9.2,12.2,15.6,15.4,11,13.1,31.4281873,31.33991393,24.12202788,5.9,48.95269586,8,8.1,11.6,62.8,8.2,31.8,2.2,6.8,0.207485217,7.46592186,13.65231317,0.019307109,7.515956859,1.629050233
NM,2007,7.8,13.2,13.1,14.4,10.9,12.8,21.97038822,29.63391128,30.07995846,5.6,49.60873946,13.2,12.6,15.7,41.9,12.7,32,2,6.2,9.011302518,1.370922096,2.266392205,0.044875033,15.55803169,2.690775998
NY,2007,8.2,12.9,14.8,14.8,11.1,13.2,29.22360174,29.36005809,25.55628207,6.2,48.52088036,10.3,9.4,13.1,53.2,8.2,36.1,3,6.7,0.330940496,6.885613328,15.60271678,0.043398889,9.215037687,1.88919121
NC,2007,9.1,13.1,15,14.2,11.2,12.2,23.42095118,30.22258538,29.15269921,6.9,48.8399445,12.3,11.9,15.3,45.1,10.1,28.4,3,6.4,1.11862534,1.804463333,21.27881239,0.04604332,4.212985894,1.565671548
ND,2007,6.3,12.1,12.1,14.9,11.1,14.4,22.79818116,28.75160279,37.61859236,3.5,50.47216339,14.4,11.3,15.4,44.2,8,29.8,1.1,7,5.149324308,1.048591951,0.828650258,0.116301791,0.435819076,1.703883761
OH,2007,9.5,12.6,13.9,15.3,11.3,13.5,22.1205156,36.48882709,28.04214365,7.2,48.74457537,11.6,11.6,15.5,47,11.6,29.4,1.8,6.8,0.178025183,1.551829493,11.72655213,0.03230162,0.898323412,1.634353855
OK,2007,10.2,13.3,13.1,14.1,11,13.2,20.54615552,33.41802714,30.45186301,5.4,49.55956295,13.6,12.4,16,41.8,12.8,25.5,2.1,7,6.792771215,1.60021961,7.473275766,0.074475108,2.876165643,6.263179661
OR,2007,6.9,13.9,13.8,15,12.2,13,25.96243363,28.53970897,33.15592942,6.5,49.56024822,11.8,11.4,15.5,48.8,12.6,28.3,1.8,5.7,1.903531864,3.579762799,1.677191587,0.198428,3.508861347,3.307791555
PA,2007,8.7,11.6,13.9,15.4,11.7,15.2,23.86938587,37.77317723,25.03236399,5.9,48.67802823,11.8,11.2,14.7,48.8,9.2,30.9,2.2,7.5,0.135842376,2.367239796,10.37087245,0.021201995,2.031514723,1.3540241
RI,2007,7.2,12.3,14.6,15.1,11.3,13.8,27.2631062,29.24683291,27.34026313,6.3,48.31305916,10,10,12.6,53.2,10.6,33.4,1.7,7,0.284166106,2.801484546,5.587560218,0.005482912,6.438262408,2.118294776
SC,2007,9.6,12.7,14.3,14.1,11.9,13,21.41037437,33.08913059,27.60849894,6.9,48.54592261,12.6,12.2,15.5,43.9,10,29.9,3.5,7,0.302696934,1.241461267,28.44051184,0.044376795,1.417085384,1.211196111
SD,2007,6.7,11.9,12.4,14.7,11.1,14.3,22.40127031,33.26445871,31.5615621,4.1,49.961003,13.2,13.4,17.3,42.6,9.9,29.4,1,6.5,8.140012434,0.837085461,1.090032215,0.041571686,0.688507501,1.827019084
TN,2007,11.9,13.4,14.4,14.6,11.6,12.8,20.00991078,34.66042065,26.82578074,6.9,48.83708352,12.8,12.4,15.9,42.6,12.7,27.2,2.3,6.9,0.19968428,1.286626854,16.71554281,0.06295561,1.370778819,1.28410928
TX,2007,10.3,14.6,14.5,13.6,9.5,10,22.53080007,28.08815382,28.49397797,5.9,49.84496983,11.9,11.6,14.8,47.8,10.6,29.8,2.7,5.5,0.465224365,3.375297749,11.53576876,0.071338391,12.40227941,1.852702308
UT,2007,5.8,16.2,12.1,11.5,8.1,8.8,24.5124958,28.02332384,37.1566041,3.8,50.4535918,9,10.7,15.9,55.8,9,28.6,1.2,3.9,1.175316501,1.969773147,0.962639822,0.802962201,3.070165159,1.985498974
VT,2007,7,11.4,14,16.7,13.2,13.5,30.70213538,32.70167946,26.81992557,5.1,49.08491535,11.7,10.7,16.5,49.9,12.1,29.2,1.4,6,0.288609812,1.118866035,0.623416509,0.012555251,0.212312516,1.60884276
VA,2007,8,13.2,15.3,14.8,11.1,11.7,30.49052668,28.3185653,26.99743804,4.8,49.11823525,8.6,9.4,13.6,57.9,9.5,30.1,2.6,6,0.295963831,4.840516016,19.57028256,0.067219124,2.831048026,1.998977968
WA,2007,7.1,13.8,14.6,15.3,11.5,11.7,27.54577496,26.59152101,34.47928001,6,49.87972341,9.4,10,14.3,55.3,12.1,29,1.7,5.3,1.376811415,6.638494941,3.36830115,0.42613162,3.880744367,3.623139114
WV,2007,10.8,12.3,13.6,15.1,13,15.5,16.10914855,40.59923268,24.57482669,6.2,49.0510393,15.2,12.5,15.2,37,11.6,25.1,1.6,8.1,0.148672625,0.558819228,3.443476533,0,0.309431109,1.136236331
WI,2007,6.5,12.6,14.2,15.5,11.1,13.2,23.2636731,34.86115769,30.60327306,5.7,49.72076035,10.9,11.4,15.3,50.7,10,30.1,1.2,6.1,0.824026535,1.940699509,5.995726252,0.038792211,2.513031898,1.372651581
WY,2007,7,13.1,12.5,15.8,12,12,21.26226499,32.43854422,36.7218326,3.7,51.02289463,11.5,10.9,15.5,51.9,13,26.4,1.5,5.8,2.505594553,0.562133007,0.630606507,0.010137138,1.852609835,2.807604766
AL,2008,11.2,12.8,13.4,14.4,11.6,13.7,20.04194521,31.6,29.91003451,7,48.45500761,13.3,11.8,14.4,43.5,12,27.5,2.5,7.6,0.514082241,0.97683348,26.18338017,0.024174693,0.717711663,1.30022094
AK,2008,6.7,14.5,14,15.3,11.1,7.1,23.69528538,27.87170556,38.24660181,7.7,52.10005056,7.5,8.6,13.4,64.3,12.4,34.5,2.3,3.5,12.7259057,4.637377913,3.625710884,0.548453795,1.246260708,8.103390243
AZ,2008,7.8,14.3,13.4,13.1,10.4,13.3,22.74650675,25.78867061,34.46363345,6.1,50.13236557,10.8,11,15.4,51,12.3,31.5,1.9,5.9,4.411400915,2.375564984,3.626945715,0.143688329,6.808688375,2.574590242
AR,2008,9.5,12.8,13.2,13.8,11.5,14.2,17.12401032,35.33503916,29.45000534,6.6,48.97964901,15,12.7,16,38.6,12.5,25.9,2.4,7.3,0.524166576,1.031943097,15.50177034,0.067101167,2.181138128,1.978783984
CA,2008,8.5,14.2,14.6,14,9.9,11.2,26.60852215,21.88652733,31.90250094,7.5,50.01411989,9.6,8.9,12.6,58.4,9.7,35.1,2.3,5.4,0.855300641,12.37528181,6.150179671,0.359608241,14.22402674,3.565334244
CO,2008,6,14.9,14.6,15,11.1,10.4,32.44180406,23.68011214,31.96022429,4.9,50.36672055,9.4,9.8,13.9,56.2,11.9,29.7,1.7,4.8,0.968426483,2.553783251,3.797098304,0.110619469,4.750644605,3.079974799
CT,2008,6.8,11.5,14.7,16,11.6,13.6,32.91246109,27.89104572,27.69069066,6.4,48.81959368,8,7.6,11.1,63.7,10,31.8,1.4,6.4,0.231945601,3.464332187,9.458016732,0.028789702,4.564709995,2.116757091
DE,2008,8.3,12.4,14,14.6,11.8,13.8,25.15291694,31.10848724,30.27682506,6.6,48.40944597,8.9,10.4,14.2,56.6,10.9,31.9,1.7,6.3,0.303748059,2.895456607,20.57790015,0.015462288,1.785493396,1.694094093
FL,2008,9.5,12.3,13.7,14.3,11.7,17.4,23.71203708,30.22908111,30.80497683,7.5,49.08630569,11.8,11.8,15.5,48.2,12.4,28.6,2.4,7.4,0.259303352,2.293677442,15.36074189,0.041247598,2.624231109,1.860572207
GA,2008,9.9,13.9,15.2,14.2,10.4,10.1,24.76965264,29.67292549,28.67161458,7,49.22365282,10.6,10.5,14.5,51.1,11.3,31.9,2.4,5.7,0.234922583,2.86320803,29.98257026,0.033544145,3.563701456,1.38755474
HI,2008,8.2,13.4,13.8,13.9,11.9,14.7,26.22522116,30.26096589,33.8308854,4.1,50.42198482,7.3,7.2,12.1,63.7,9.1,32.6,1.2,6.4,0.239869958,38.46101298,2.380534669,9.019576183,1.425091484,21.40152368
ID,2008,7,13.7,12.7,13.8,11,12,21.52566698,28.77402367,37.10604749,5.5,50.28973314,11.5,12.2,16.7,47.6,11.7,24.9,1.3,5,1.081036031,1.214647963,0.52224153,0.097649585,1.81872352,2.561792237
IL,2008,8.3,13.6,14.1,14.5,10.6,12.2,27.30080036,27.54582292,30.72121064,6.9,49.24731606,9.9,9.5,13.4,55.4,9.5,33.8,1.7,6.2,0.186217733,4.280450029,14.57665908,0.019230227,6.507900903,1.722605104
IN,2008,9.6,13.1,13.6,14.9,11.1,12.8,21.01192604,34.52201818,29.84403719,6.9,49.17968157,11.5,12,15.4,48.1,12.3,28.2,1.5,6.3,0.245844619,1.329979087,8.585555245,0.023240526,2.132561326,1.941242556
IA,2008,7,12.1,12.8,14.8,11.5,14.8,22.32488884,32.75979235,34.91001467,3.9,49.30674089,11.3,11.5,15.8,49.1,10.2,27.7,1.1,6.5,0.329152785,1.574691172,2.538536321,0.053221304,1.321173919,1.491295586
KS,2008,8.1,13,12.8,14.7,10.8,13.1,26.96732299,28.01268771,33.98472267,4.4,49.58178303,10.9,11.6,15.5,50.1,11.2,27,1.3,6.2,0.731692346,2.141189536,5.624142172,0.069732568,2.481430224,2.704403144
KY,2008,9.9,13.3,14.2,14.8,11.8,13.2,18.10152746,34.29296625,29.0195738,6.9,48.87941545,12.9,11.8,15,42,12.5,26.3,2.1,7.1,0.17637779,1.023881272,7.421171659,0.063758346,0.806840554,1.445735721
LA,2008,10.7,13.2,13.1,14.6,11.1,12.2,18.2954993,34.4702391,28.16199718,6,48.50852318,13,11.4,14.7,44.3,11.6,32.1,2.7,7,0.631745381,1.463454669,31.85506652,0.025618959,0.840324513,1.141381284
ME,2008,8.3,11.2,13.9,16.7,13.5,15.1,23.34795127,34.82628159,31.10232851,5.9,48.66315319,12.1,12.1,14.9,46.9,13.6,26.9,1.1,6.6,0.538567183,0.817345965,0.936757476,0.024535571,0.266548977,1.607573667
MD,2008,8.7,12.8,14.7,15.6,11.3,12.1,32.40286122,26.95172921,28.4502986,5.4,48.42431931,6.8,7.5,12.2,65.2,9.8,33.5,2.7,5.9,0.283815118,5.075123407,28.85209929,0.028347786,2.40143198,2.129900311
MA,2008,7.2,12.7,14.7,15.4,11.6,13.4,35.09386401,26.87215757,26.66776397,6,48.51064956,8.3,7.7,11.2,61.2,9.1,35.3,1.9,6.2,0.220515124,4.958750945,6.263466712,0.00863347,3.949173642,2.059921203
MI,2008,9.1,12.3,13.9,15.4,11.7,13,22.60970812,30.82903624,34.04513419,9.5,49.16760485,11.1,11.2,15.2,48.8,11.2,31.8,1.4,6.2,0.541504697,2.316017459,13.88402889,0.028120377,1.440447079,2.168697872
MN,2008,5.9,13.2,13.9,15.6,11.1,12.5,28.90816297,27.70734696,34.46612266,4.9,49.7342633,9.2,9.4,14.3,56.6,9.7,30.4,1,5.5,1.049576153,3.520347989,4.417272799,0.008869064,1.065015603,1.802239793
MS,2008,11.3,12.8,13.3,13.8,11,12.5,17.45466124,30.05708812,32.40255461,7.8,48.58886048,14,12.5,14.7,38.3,11.3,31.1,3,7.4,0.413663838,0.764440972,37.48340206,0.023276248,0.704378725,0.876908805
MO,2008,9.1,13,13.3,14.9,11.4,13.6,23.04332494,31.83374656,31.08811182,6.1,48.8123107,12.1,11.7,15.7,47.1,11.7,28.3,2,6.6,0.351207498,1.415943724,11.13401521,0.071435761,0.8578381,2.005512885
MT,2008,6.5,12.1,12.2,15.6,13.1,14.1,24.53279771,31.7196768,33.70666606,4.7,49.7453072,13.5,13,15.6,43.7,12.3,28.6,1.2,5.9,6.050090962,0.669085421,0.538017862,0.074836682,0.639212768,2.40521376
NE,2008,7.8,13.1,12.7,14.5,10.9,13.4,24.67007822,29.18344198,35.76049545,4,49.51413903,11.9,11.5,15.5,49.7,10.4,28.1,1.2,6.2,0.76487357,1.497057359,3.991068905,0.049455208,2.608790243,2.175468423
NV,2008,8.6,14.5,14.9,13.9,11.2,11.3,20.00405901,29.36179136,33.42981103,7.3,50.93311314,9.1,10,15.1,56.4,14.2,29.9,2.1,5.2,1.327491657,6.025805266,7.392448254,0.431856877,4.342644146,3.218716336
NH,2008,7.2,11.3,14.8,17,12.6,12.9,30.74384401,29.45176459,30.42297973,4.5,49.20288583,8.6,8.3,12.9,61.7,11.3,27.9,1,5.9,0.175785391,1.992842426,0.983425406,0.019987703,0.62197477,1.3814315
NJ,2008,8.4,12.2,15.2,15.6,11.2,13.2,32.0053999,29.59299418,25.70861174,5.9,48.97073605,7.5,7.6,11.5,64.2,8.2,32.6,2,6.5,0.238544382,7.638856337,13.6248323,0.01542154,5.842298807,1.876936114
NM,2008,7.9,13.1,12.9,13.9,11.3,13.2,22.00884591,26.58642213,32.86627823,6,49.35586155,12.8,11.6,15.7,44.2,12.4,32.7,2,6,9.215332329,1.353839734,2.277464326,0.037291696,10.47679953,3.19075811
NY,2008,8.4,13,14.4,15,11.4,13.4,29.46207889,27.60674619,27.19778479,6.3,48.54712065,9.8,9.2,12.6,54.9,8.4,36.7,2.7,6.5,0.372364772,6.987861704,15.9116662,0.030312519,7.526144933,1.995433933
NC,2008,9.3,13.2,14.6,14.4,11.5,12.3,23.77758272,27.93400491,31.68287089,6.8,48.91416716,11.7,11.7,15.5,46.8,10.3,28.8,3.2,6.3,1.043793957,1.853213269,21.22529958,0.045497849,3.738630688,1.699522489
ND,2008,7.6,13.2,11.4,14.7,11.3,14.6,24.236531,27.08375934,38.47715365,3.2,50.34677566,12,12.3,16,46,8.1,29.3,0.6,6.9,5.301170261,0.840866682,0.95326284,0.041778322,0.561045456,1.304325459
OH,2008,9.9,12.7,13.6,15.3,11.6,13.7,22.17040793,35.06387751,29.97979614,7,48.75558837,11.3,11.3,15,48.5,11.8,30,1.8,6.6,0.184939635,1.524537455,11.7198289,0.014034587,0.634577495,1.821187873
OK,2008,10.1,13.2,12.8,14,11.1,13.5,20.05133293,32.25150858,32.54980367,4.6,49.27921752,12.9,12.4,15.8,43.3,12.9,25.9,2,7,6.452078748,1.696893855,7.165709275,0.092851862,2.190612078,6.590560354
OR,2008,6.9,13.8,13.5,14.9,12.6,13.3,25.79452173,26.47772015,35.67239374,6.7,49.72828926,11.2,11.2,14.7,50.2,12.8,28.7,1.8,5.7,1.687440304,3.426383751,1.731977858,0.261710896,2.694944143,3.495670253
PA,2008,8.8,11.7,13.6,15.5,11.9,15.3,24.40252797,36.61341473,26.38419036,5.7,48.65107056,11.1,10.8,14.4,50.8,9.2,31.3,2.2,7.5,0.141168108,2.387912417,10.34726969,0.025931295,1.842399259,1.48386777
RI,2008,7.4,12.3,14.1,15.3,11.5,14.2,27.62503214,27.63430457,29.13106093,7.5,48.23560985,9.8,8.8,12.9,54.7,11,34.4,2.2,7.1,0.479640042,2.873272249,5.440583638,0.039303837,6.069064359,1.885727663
SC,2008,10.1,12.6,13.8,14.3,12.2,13.3,21.51363875,31.15176281,30.26958495,7.7,48.64603331,12.6,11.5,15.1,45.1,10.1,30.9,3.2,7.1,0.275302469,1.099602661,28.07705701,0.024554668,1.420621456,1.555605161
SD,2008,6.6,12.3,12,14.9,11.5,14.4,22.62315826,32.52752046,34.53378922,3.7,49.93695551,11.4,12.2,16.1,46.4,10.3,28.4,1.1,6.6,8.171535724,0.821816626,0.944423858,0.025491362,0.769590422,2.168009212
TN,2008,10.4,13.4,14.2,14.7,11.9,13.1,21.15203583,32.80707479,29.12356337,6.9,48.70025011,12.8,12.1,15.9,43.8,12.5,27.1,2.2,6.8,0.249240212,1.319090545,16.34023011,0.046710415,1.062464842,1.544597425
TX,2008,9.7,14.5,14.3,13.5,9.7,10.1,22.76949605,26.25807883,30.72869258,5.2,49.93322227,11.5,10.8,14.4,50,10.7,30,2.7,5.5,0.498833106,3.458461377,11.42867995,0.075406008,8.710635363,1.953950376
UT,2008,6.1,16.2,11.9,11.5,8.2,9,25.09218764,25.50742184,39.11484367,4,50.42749223,8.4,9.8,15.8,57.6,9.4,29.6,1.3,3.9,1.06441838,1.966069586,1.096357874,0.746229386,2.095070062,2.054688893
VT,2008,6.4,11.3,13.4,16.8,13.5,14,29.2093288,33.15214059,28.02442516,4.9,49.13837784,9.8,11.2,14.8,52.3,12.6,29.4,1.3,5.8,0.238382668,1.191913339,0.74846685,0.009174755,0.376647834,1.539910184
VA,2008,7.9,13.1,14.9,15,11.3,12.1,30.65398744,26.37565397,28.99059593,4.9,49.19836805,8.9,8.6,13.3,59,9.6,30.2,2.6,5.7,0.309006629,4.81818396,19.57027394,0.053391073,2.31382341,2.136646909
WA,2008,6.9,13.8,14.2,15.2,11.8,12,28.04470814,24.56451363,36.08921402,5.6,49.89137644,8.8,9.7,14.1,57.2,12.5,29.3,1.6,5.1,1.389553938,6.482935994,3.351832217,0.443899919,3.978822529,3.972302673
WV,2008,11.9,12.4,13.3,15.1,13.2,15.7,15.97846749,40.00802536,26.15941872,5.7,48.94949925,14.2,12.7,15.5,38.2,12.1,25,1.8,8.2,0.135466704,0.528474462,3.403697392,0.018021811,0.165613282,1.391261791
WI,2008,7.2,12.7,13.8,15.5,11.5,13.3,23.60669002,33.406175,32.21240665,5.1,49.71536796,10.5,10.9,15.2,52.6,10,30.4,1.1,5.8,0.861696442,2.044858819,5.781571608,0.016613456,1.329023193,1.605801597
WY,2008,7.4,13.6,12,15.5,12.1,12.4,21.20824685,31.02368199,38.96238621,3.3,50.55437909,9.3,10.8,15.6,53.5,12.6,25.9,1.3,5.4,2.043674484,0.700624028,1.062575563,0.033792156,1.515953652,2.772834111
AL,2009,12.3,13.2,13.1,14.3,11.7,13.8,20.09446777,30.93488532,30.94041755,11.1,48.43757566,13.8,11.8,15.4,40.7,12,28.2,2.8,7.3,0.511307985,1.091806925,26.10626949,0.046106066,0.906214613,1.360989044
AK,2009,5.8,14.6,13,15.4,11.4,7.4,23.02064933,29.05039139,37.71825148,9.5,51.63950503,7.3,8.4,13.3,63.6,11.7,34.1,2.1,3.6,13.16486106,4.815647849,3.875167687,0.766099763,1.681238931,7.350176743
AZ,2009,8.4,14.5,13.2,12.9,10.6,13.1,23.19494576,25.77341444,34.63670534,10.6,50.13927091,11.5,11.1,15.4,48.6,12.2,32,1.9,5.5,4.459595214,2.545279723,3.851115062,0.171928164,6.214187318,2.780020795
AR,2009,10.1,13.3,12.8,13.9,11.7,14.3,17.13191569,34.8382004,30.46995205,9.1,48.91951756,15.1,12.8,15.8,37.5,12.6,25.6,2.6,7.2,0.631296614,1.114468151,15.49727457,0.080603575,2.294658153,1.974493416
CA,2009,9.1,14.5,14.1,14.1,10.4,11.2,26.80732819,21.94743513,32.0309008,11.3,50.09887271,9.7,9.3,13.1,56.9,9.6,35.5,2.3,5.2,0.800166897,12.49604726,6.081836575,0.372126103,13.79114317,3.80552131
CO,2009,5.8,14.6,14.2,14.8,11.3,10.6,32.48596126,23.10373389,32.84865478,8.5,50.33253409,9.8,9.7,14.1,54.8,11.3,30.6,1.7,4.4,0.977999295,2.591493146,3.87981646,0.11417488,4.607335532,3.226748884
CT,2009,6.7,11.7,13.9,16,12,13.8,32.67056753,28.27545153,27.44080363,9.2,48.77889474,8.3,7.8,11.8,62.1,10.4,32.3,1.5,6.1,0.278572988,3.525493081,9.586850195,0.027541804,5.276486746,2.231852537
DE,2009,8.1,13.1,13.3,14.5,11.9,14.2,26.49350402,31.67847523,28.90903726,8.6,48.45264269,10.3,9.9,13.6,56.4,10.9,31.7,2.2,6.7,0.309109931,3.065340145,20.76436921,0,1.812179564,2.13462099
FL,2009,10.7,12.6,13.1,14.3,11.7,17.3,23.23536939,30.38558477,31.34988105,12.1,49.14955355,12.7,12.2,16.3,44.8,12.5,29.7,2.4,7.3,0.311333998,2.38800162,15.63618431,0.04804194,2.770427548,1.930303152
GA,2009,9.5,13.8,14.7,14.1,10.5,10.3,24.6812557,29.41887333,29.20904485,11.2,49.10798028,11.7,11,14.6,47.5,11.3,32.7,2.5,5.7,0.229916725,2.968101916,29.97311788,0.063524936,3.287445961,1.626447942
HI,2009,8.5,14.7,13.3,13.7,11.9,14.6,26.9758403,30.29556907,33.03150757,7.1,50.5457165,8,9.2,12.7,60.7,9.2,31.3,1.5,5.9,0.268457309,37.07112073,2.26277778,8.808441774,1.04124684,23.64972228
ID,2009,8,13.4,12.4,13.3,11.3,12,21.17793102,29.52395452,36.93207631,9.6,50.22988082,12.7,12.9,16.8,44.7,11.1,25.4,1.8,5.1,1.471211365,1.116767294,0.662439732,0.080540768,1.792145302,2.527362836
IL,2009,8.2,13.8,13.6,14.6,11,12.4,28.05237196,27.43338367,30.67415377,10.6,49.25568973,10.6,10,13.5,53.5,9.7,34.2,1.7,6.1,0.190969938,4.379636617,14.54716113,0.014980161,6.576058125,1.79266203
IN,2009,9.3,13.1,13.3,14.6,11.4,12.9,20.68351732,34.86117244,30.43662924,11,49.19429255,12.4,12.2,16.3,45.5,12,28.9,1.5,6.2,0.213136527,1.410422018,8.822700146,0.018106485,2.043510678,1.832008872
IA,2009,7.6,12.5,12.2,14.6,11.8,14.8,23.00650104,31.9879111,35.394674,6,49.31607453,11.9,11.1,16.3,47.9,10.3,27.7,1.1,6.5,0.368368576,1.521714629,2.540380078,0.014196154,1.495250605,1.803709418
KS,2009,8.5,13.1,12.6,14.3,11.2,13,26.62351013,28.32397319,34.32951852,7.2,49.59185766,12.1,11.3,15.9,47.7,11.5,28.2,1.4,6.2,0.828488687,2.186432482,5.577762034,0.059813811,2.123390287,2.90565276
KY,2009,11.5,13.3,13.6,14.8,11.9,13.2,19.26924234,33.99819073,28.63618549,10.1,48.94452232,13.5,12.2,15.3,40.3,12,26.7,2.1,7,0.238032708,0.977141767,7.491435667,0.028742873,0.859782764,1.637207927
LA,2009,11.1,13.8,12.8,14.2,11.3,12.3,19.47796011,33.87911535,28.46233477,8.4,48.56859056,13.3,11.5,14.7,43,11.3,32.7,2.8,6.9,0.495004982,1.491003269,31.96542089,0.037688588,0.95628391,1.387376349
ME,2009,8.3,11.2,13.1,16.5,13.9,15.5,24.72460215,34.43959772,30.75660468,7.2,48.76147405,13.1,11.7,15.9,45.5,12.7,28.1,1.1,6.7,0.520746021,0.930743434,1.332245064,0.010468019,0.293256244,1.983537902
MD,2009,9.3,13.2,14.1,15.6,11.6,12.1,32.88577149,27.32115855,27.89024269,8,48.52467191,7.2,7.8,12.1,64.1,9.6,34,2.5,5.9,0.283289101,5.090080179,29.00014703,0.043425029,3.097336282,2.266979537
MA,2009,7.9,12.9,14.1,15.7,11.9,13.6,35.108905,26.54676809,27.16640015,9.1,48.5923671,8.4,7.8,11.8,59.9,9.6,35.7,2,6.3,0.14994873,4.984904271,6.317820634,0.037900463,3.759698628,2.328702116
MI,2009,9.3,12,13.5,15.4,12.1,13.4,22.42806201,30.8121528,34.35418231,14.7,49.1806245,12.3,11.7,15.3,45.6,11.3,32,1.5,6.1,0.500224329,2.426014273,13.9271617,0.027011773,1.227164997,1.981147528
MN,2009,6.4,13.3,13.3,15.4,11.5,12.7,28.79053914,27.91302625,34.16235819,8.2,49.66270842,9.9,10,14.2,54.9,9.7,31.1,1.1,5.1,1.046330239,3.722654696,4.426063121,0.057023878,1.38875834,1.980055885
MS,2009,11.6,13,12.6,13.7,11.1,12.7,17.48475841,30.77344589,32.0095931,10.7,48.60988972,15.1,12.2,14.6,37.1,11.3,31.7,3.1,7.2,0.458571082,0.780692115,37.12925085,0.011585382,0.815820889,1.241600598
MO,2009,7.9,13,12.9,14.9,11.7,13.7,23.12234086,31.76479331,31.29018429,9,48.90895821,12.2,11.8,15.7,45.4,11.8,29.3,2,6.4,0.31359915,1.45023532,11.17575047,0.063615016,1.014867442,2.119019704
MT,2009,6.8,12.1,11.6,15.1,13.2,14.5,24.38721917,31.22232435,34.235289,7.9,49.80538242,14,12.1,16.6,42.4,12.5,29.3,1.4,6.7,6.739665781,0.538467613,0.301952125,0.028615707,0.753854659,2.229358485
NE,2009,7.5,13.3,12.2,14.1,11.1,13.4,24.74055154,28.45467495,36.03800581,6,49.58705838,12,12.3,15.6,47.3,9.8,29.5,1.4,6,0.933641022,1.664957904,4.274299213,0.05315531,2.832203992,2.092482448
NV,2009,7.9,14.7,14.3,13.7,11.2,11.6,20.02777451,29.14599052,33.81078074,12.1,50.9434619,10.4,11,15,53.4,13.7,30.5,2.3,5,1.174347401,6.611743474,7.669068532,0.528662529,4.517410526,3.333036962
NH,2009,7.1,11.1,14.1,16.8,12.8,13.5,29.36438554,30.1558849,31.01442882,7.8,49.3561331,9,8.8,14.1,58.7,11.9,28.7,1.1,6,0.243247834,1.890115697,1.256327501,0.010191948,0.808259253,1.275050488
NJ,2009,8.7,12.8,14.4,15.6,11.6,13.4,32.04773363,29.50217777,25.79114541,9.8,49.00736586,8.2,8.2,11.3,62.7,8.3,33.3,2,6.6,0.263294494,7.774945049,13.65269289,0.019143888,5.458913564,2.14816933
NM,2009,8.6,13.6,12.1,13.7,11.5,13.2,22.52774302,27.05550904,32.57489534,9,49.21273184,13.6,11.4,15.7,43.3,12,32.4,1.9,6,9.375663977,1.406349597,2.160204332,0.065035521,11.47406715,3.035770532
NY,2009,8.9,13.6,13.9,15.1,11.7,13.4,29.98512453,27.38393219,27.25636302,9,48.60034205,10.3,9.5,12.6,53.8,8.5,36.9,2.8,6.4,0.328691014,7.030787322,15.70449751,0.03168137,7.541603994,2.004195901
NC,2009,9.6,13.1,14.1,14.1,11.4,12.7,24.06274768,27.50198224,32.54675333,11,48.82432189,12.8,12.4,15.1,44.1,10.2,29.6,3.1,6.3,1.068886472,1.964367111,21.02150501,0.032790087,3.402344598,2.055936306
ND,2009,7.5,12.9,11.5,14.3,11.4,14.7,23.30651634,27.19822516,40.06843293,3.8,50.05580944,11.4,12.2,14.8,47.5,8.1,29.7,1,6.5,5.728738305,0.779786162,1.076302787,0.033392905,0.606637767,1.604559987
OH,2009,10.1,12.8,13.2,15.2,12,13.9,22.18609684,34.86661042,30.1027733,11.1,48.7948906,12.3,11.6,15.5,45.5,11.9,30.5,1.9,6.7,0.173201203,1.557086786,11.81237923,0.019917445,0.675841629,1.771881575
OK,2009,11,13.6,12.3,13.8,11.3,13.4,20.42096963,31.8,32.91326007,6.8,49.32851467,13.7,12.7,15.5,42.1,12.6,26.8,2.2,6.7,6.056983225,1.617824548,7.279857881,0.085434155,2.467365509,7.141400306
OR,2009,8.3,13.8,13.3,14.3,12.9,13.5,26.45955039,24.99337453,36.84047589,11.8,49.53941245,12,11.5,15,48.5,12.4,29.5,1.9,5.5,1.270657563,3.600662579,1.782595774,0.358239121,3.900088272,3.48246066
PA,2009,9.1,12.2,13.1,15.4,12.3,15.4,24.49717191,36.95379291,26.37492019,9.1,48.68078878,11.6,11.1,14.5,49.6,9.1,32.1,2.2,7.4,0.132973501,2.467241164,10.51438714,0.023959189,1.821215735,1.53499069
RI,2009,7,12.7,13.5,15.5,12,14.4,27.59592944,27.88533431,29.27973552,9.6,48.51658123,10,9.1,13.4,53.7,10.4,34.3,2,6.8,0.370391822,2.95686801,5.997954822,0.007216042,6.288970185,1.814264785
SC,2009,10.4,13,13.2,14.2,12.2,13.6,22.09913946,30.44584016,30.76334007,11.7,48.6522969,13.2,12,15.2,42.8,10,31.5,3.2,6.9,0.262932771,1.257004123,27.92717422,0.059567109,1.437130501,1.482688268
SD,2009,7.3,12.7,11.3,14.2,11.9,14.4,22.52885889,31.70104099,34.54748718,5.2,49.73540805,13,11.7,16,44.9,10.6,28.6,1.6,6.7,8.580066299,1.010607066,1.049997353,0.007262584,0.952506392,2.072667695
TN,2009,10.3,13.4,13.7,14.5,11.9,13.3,21.1273221,33.38192773,28.76467166,11.1,48.80851376,13.2,12.3,15.5,41.9,12.5,27.7,2.5,6.7,0.207583747,1.372863928,16.505465,0.033607285,1.147936535,1.616484977
TX,2009,9.3,14.6,13.9,13.4,9.8,10.2,22.91025337,26.15003591,30.85292369,8.2,49.89932332,11.9,11.1,14.5,48.2,10.7,30.9,2.8,5.4,0.561005188,3.564757624,11.52736739,0.078035527,8.374928205,2.143271436
UT,2009,6.1,16,11.9,11.3,8.4,9,24.40489569,25.29938804,40.06065766,7.8,50.40878814,8.8,10.5,15.8,55.3,9.2,29.5,1.5,3.9,1.121249513,2.0383743,1.163123094,0.807341308,3.337065804,2.186081021
VT,2009,6.2,11.1,12.9,16.4,13.8,14.4,29.77768005,31.83264594,28.95346475,7.6,49.26515054,11,10.4,14.8,51.8,11.6,30.7,1.2,5.8,0.312660834,0.971757591,0.827489707,0.006111683,0.331478384,1.799086464
VA,2009,8.2,13.5,14.2,14.9,11.4,12.1,30.93535489,25.86725531,29.83861821,7.4,49.118031,8.8,9,13.8,57.7,9.6,31.2,2.7,5.6,0.317230758,4.966438696,19.57144796,0.077981983,2.207028401,2.415716154
WA,2009,7.7,14.2,13.7,14.8,12,12,28.12605042,25.00461069,35.76819365,9.5,49.94673775,9.6,9.8,14.2,55.6,12.1,30,1.8,5,1.320084421,6.620919706,3.444286969,0.44671562,3.748809871,4.253071826
WV,2009,12.4,12.2,13.1,14.8,13.6,15.8,15.87680726,40.30860199,26.6337973,7.7,49.08854217,15.4,12.8,15.5,37,12.1,25.1,1.7,8.2,0.176889806,0.627384564,3.095489173,0.008132865,0.182989454,1.65465329
WI,2009,8.2,12.5,13.1,15.5,11.9,13.4,23.23794995,33.88404114,32.36205005,8.2,49.69699938,11.4,11,15.5,49.9,10,31,1.1,5.8,0.856762799,2.124152088,6.004254105,0.021503954,1.053004063,1.562485079
WY,2009,7,13.5,12.1,15,12.5,12.2,21.106253,30.92835523,38.97220197,5.9,51.25893398,10.8,10.4,16.2,52.4,11.6,25.6,1.1,5.7,2.575743657,0.670439304,0.946589009,0.06595991,1.850735848,2.559758943
AL,2010,13.2,12.6,12.9,14.4,12.3,13.7,19.77259571,31.13944119,30.90698518,11.8,48.52870187,13.7,11.9,15.2,40.9,12.6,29.2,2.8,7.3,0.580277341,1.103149689,26.39292266,0.012663788,1.080246204,1.362214015
AK,2010,5.3,14.5,13.1,15.7,12.3,7.5,24.40292333,26.98430632,38.21393969,9.6,52.16300062,8.1,8.9,12.2,61.9,12.5,31.6,2.1,3.8,14.64162412,5.478826586,3.46099708,1.069770373,0.909823035,7.008130423
AZ,2010,9,13.4,12.8,13.1,11.5,13.8,23.2589119,25.84322077,35.79446195,11.8,49.74790828,11.5,11.9,15.5,47.4,12.1,31.6,1.8,5.4,4.455561555,2.713535026,4.116305361,0.189904887,6.436278881,2.64365377
AR,2010,9.6,12.6,12.8,13.9,12.1,14.4,17.66978307,34.32349241,30.47221259,9.6,48.97433124,14.8,13.7,15.7,38.3,12.8,26.4,2.6,7.2,0.637491845,1.137730413,15.89574364,0.174219248,2.101173122,1.682533511
CA,2010,8.6,14.2,13.9,14.1,10.9,11.4,26.96286257,21.7566159,32.26187915,12.8,49.72107556,10.2,9.3,13,56.2,9.6,36,2.3,5.1,0.754786635,13.12194535,6.01443457,0.382689258,13.08181079,4.198947115
CO,2010,6,14.4,13.9,14.7,12,10.9,33.16527132,23.58612928,32.19134377,9.9,50.13520309,10.3,10.1,14,53.8,11.8,30.7,1.8,4.5,0.982517378,2.649913222,3.92383074,0.09748328,5.585700815,3.4112612
CT,2010,7.3,11.8,13.5,16.1,12.4,14.2,32.89196063,28.09330748,27.20650905,10.5,48.61287427,9,8.2,12.4,60.2,10.9,33,1.5,6.1,0.157503076,3.755528612,9.976872152,0.036817812,5.31051505,2.543615968
DE,2010,8.7,12.3,12.9,14.8,12.4,14.4,25.2147682,31.76235116,29.75844183,9.3,48.52445461,10.1,9.6,13.9,55.6,10.8,33,2,6.5,0.274514903,3.054339503,21.29724407,0.132367308,1.984064799,2.566881055
FL,2010,10.4,12.1,12.9,14.5,12.5,17.4,23.63393643,29.97140869,31.38289261,13.3,48.89024369,12.6,12.2,15.7,44.8,13.1,30.2,2.6,7.1,0.360095665,2.401805286,15.90683619,0.061162239,2.629737447,2.159910623
GA,2010,9.7,13.6,14.5,14.3,11.2,10.6,24.52337851,29.72193758,29.44691765,12.6,48.83100661,12.2,11.4,14.2,47,11.3,32.5,2.5,5.5,0.227076473,3.25451911,30.64845648,0.02607956,3.304341058,1.841847079
HI,2010,8.3,13.3,12.9,14.2,13,14.5,26.65099966,30.11863014,33.41944073,8.1,50.16694521,8.5,8.1,12.8,60.6,10.1,33.2,1.5,6.4,0.195068864,38.93581868,1.491983476,9.891384776,1.109252498,23.76826112
ID,2010,7.9,13.3,12.3,13.3,11.4,12.5,22.00391802,29.23624776,36.51834677,10,50.11333482,12.2,13.2,16,44,12,25.3,1.5,5,1.386681091,1.191129212,0.564510484,0.133316364,2.173724904,2.328613701
IL,2010,8.7,13.9,13.5,14.6,11.6,12.6,28.3174018,27.58712109,30.63789893,11.4,49.0099871,11,10.2,13.8,52.9,10,34,1.8,6.1,0.230044523,4.595237654,14.53025679,0.031207258,6.268026124,1.889090276
IN,2010,9.8,12.7,12.9,14.6,11.9,13,20.67603058,35.26279259,30.23631663,10.8,49.257598,13,12.5,15.9,45.1,12.3,29.6,1.5,6,0.251439731,1.585672619,9.044496667,0.018503622,2.031885701,1.982491352
IA,2010,7.5,12.6,12,14.4,12.4,14.8,22.99689198,32.46123583,34.56745187,6.7,49.37497602,12.1,11.7,15.9,48.1,10.5,27.9,1.3,6.5,0.299913144,1.69698313,3.121103334,0.016328495,1.521205895,1.813217097
KS,2010,8.4,13,12.2,14.2,11.6,13.3,26.91394077,27.75896598,34.00732903,7.9,49.56454131,11.8,11.5,15.5,48.5,11.6,28.3,1.5,6,0.90302462,2.482259706,5.76457705,0.031057975,2.463443049,3.126502841
KY,2010,10,13,13.3,14.7,12.5,13.3,18.78811524,34.37608377,28.81332978,11.2,49.24901053,14,12.2,14.9,40.6,13,27.4,2.3,6.8,0.211698962,1.101980413,7.743681588,0.052688906,0.960916796,1.644031912
LA,2010,10.3,13.7,12.7,14.3,11.9,12.3,19.39547755,34.03554137,27.92229313,10.1,49.00753219,13.6,10.9,14.4,43.7,12.1,33.8,2.7,6.6,0.636257688,1.57289643,32.02915875,0.096562056,1.282572089,1.535266276
ME,2010,8.7,10.9,13,16.3,14.5,15.9,24.78122773,34.38890784,30.75273115,8.3,48.87806039,12.5,11.6,15.4,46.5,13.8,27.5,1.4,6.5,0.517939961,1.030305815,1.139000894,0.045270785,0.153212606,1.775428283
MD,2010,9.3,13.2,13.8,15.5,12.1,12.3,33.20413932,26.32995311,28.18770261,8.8,48.38585741,7.3,7.9,11.5,64.5,9.4,34.4,2.6,6,0.32713548,5.530003377,29.41424636,0.036674846,3.027351278,2.763558545
MA,2010,7.4,12.9,13.6,15.4,12.3,13.8,35.96500431,26.22650651,26.78920987,10.2,48.34595396,8.9,8,11.4,59,9.6,35.8,2,6.1,0.205589108,5.386568829,6.760009602,0.01651606,3.741291705,2.756245221
MI,2010,10.1,11.7,12.9,15.3,12.7,13.8,22.98151479,30.48725857,34.75399436,15.1,49.08857175,12.9,11.5,15.3,45.7,11.6,31.8,1.5,6.3,0.581053607,2.440832131,14.02481014,0.022961104,1.163301839,2.44788852
MN,2010,6.7,13.5,12.8,15.2,12,12.9,29.27295546,27.08941295,34.79348298,8.3,49.62537077,10.1,10.1,13.9,54.9,9.7,31.4,1.1,5.3,1.078412468,3.951241521,5.153482178,0.039129406,1.255304501,2.407625979
MS,2010,12.4,12.6,13,13.9,11.8,12.9,17.56901927,30.1771575,33.08468623,12.3,48.53560698,15.3,12.1,14.9,37.6,12,32.2,3,6.9,0.420129588,0.887329312,37.34846985,0.006599247,0.75355989,1.071771521
MO,2010,9.4,12.9,12.4,14.9,12.1,14.1,23.39900578,31.7184326,31.28051952,10,48.90376972,12.8,11.8,15.5,44.9,11.9,29.4,2,6.5,0.360926722,1.557711836,11.72831734,0.079333168,0.953448925,2.210238398
MT,2010,7,12.3,11.5,15,14.3,14.9,25.9581035,30.03651031,34.76222403,7.5,50.38207767,14,13,16,43.2,12.4,27,1.6,6,6.221124677,0.554446573,0.487941241,0.059743788,0.415178959,2.410237986
NE,2010,7.7,13.2,12.1,14.2,11.7,13.5,25.97072704,28.02894093,35.7853198,6.6,49.5260947,11.7,11.9,15,48.7,10.5,28.8,1.5,6,0.929017187,1.597876782,4.404978287,0.123304428,1.864808742,2.191234951
NV,2010,8.5,14.3,14.2,13.8,11.7,12.1,19.65052462,30.48542769,33.75407538,14.1,50.48719941,11.2,11.3,14.7,51.1,13.6,31.1,2.4,5.4,0.991332679,7.296714316,8.01555252,0.601891119,6.343205496,3.886577225
NH,2010,7.9,11,13.6,17.1,13.7,13.6,30.15827623,29.89562801,30.8842812,7.8,49.16229925,8.8,9.2,14.2,59.2,12.2,27.9,1.3,5.7,0.219326392,2.135926164,1.173183551,0.02255538,0.792096352,1.605988643
NJ,2010,9.2,12.6,14,15.7,11.9,13.5,32.81326637,29.59116242,25.53603698,10.8,48.67339255,8.5,8.1,11.1,62.7,8.5,33.2,2,6.5,0.215369345,8.23799108,13.47642208,0.028403849,6.093761788,2.605337379
NM,2010,8.5,12.8,12.2,14.1,12.5,13.3,22.40438322,26.77270395,33.37750493,9.5,49.42060048,13.7,12.2,14.8,43.1,13,32.6,2.1,5.6,9.444260508,1.225742183,1.96463388,0.057843143,11.08419832,2.866599675
NY,2010,8.9,13.7,13.5,14.8,11.9,13.5,30.23786976,27.40968232,27.23925166,9.9,48.40860666,10.5,9.4,12.8,53.7,8.5,37.5,2.7,6.2,0.370209119,7.394049478,15.54882424,0.034018687,8.125324904,2.647382982
NC,2010,9.8,13,14,14.3,12,13,24.04142191,27.8830856,32.47008865,12.7,48.70708309,12.6,12.1,15.6,43.8,10.9,30.2,3.2,6.3,1.168805335,2.21412661,21.44415167,0.046059439,3.119868122,2.287880281
ND,2010,7.4,13.1,11.3,14.4,12.3,14.5,25.03113415,26.31077013,39.21284668,3.9,50.91853361,11.4,11.3,14.6,48.9,9.3,31.3,0.7,6,4.949451371,1.138474631,1.275168681,0.062861472,0.530467799,2.042256549
OH,2010,10.1,12.4,12.8,15.1,12.6,14.1,22.63831702,34.65370854,30.21202012,11.4,48.80399772,12.7,11.7,15.3,45.6,11.9,30.6,1.9,6.6,0.184905197,1.711909538,12.23976876,0.012933222,0.808837794,2.085343314
OK,2010,10.4,13.5,12.4,14,11.8,13.6,20.67593916,32.16174988,32.74226976,8.2,49.3458812,13.4,12.5,15.9,42.7,13.1,27.2,2.2,6.6,6.9581801,1.734108656,7.181111103,0.112555434,2.612354727,7.916150721
OR,2010,7.2,13.7,13,14.1,13.5,13.9,26.21373266,25.38493281,36.5758187,12.7,49.54952608,12,11.8,15.5,46.8,13.4,29.1,1.7,5.6,1.301785876,3.688137169,1.832997869,0.332616385,4.261079246,3.593788625
PA,2010,10.3,11.9,12.7,15.2,12.9,15.5,25.11709852,36.70683941,26.42020382,9.6,48.71978964,11.7,11.1,14.1,49.4,9.4,32.7,2.4,7.3,0.160736387,2.755658505,10.82827746,0.021700081,1.79759757,1.880975292
RI,2010,7.8,12,13.1,15.3,12.5,14.5,27.54613983,26.91313957,29.94392982,10.9,48.26714383,11,9.7,12.6,52.5,11.7,35.9,2,6.9,0.301647092,2.938494766,5.966647861,0.104854657,6.498709262,2.74749593
SC,2010,10.7,12.7,13,14.2,12.7,13.7,22.36964116,30.31075743,30.90594301,12.8,48.59541377,13.9,11.8,15.1,42.4,10.4,32.1,3.5,6.9,0.273385398,1.157342301,28.08240688,0.035416081,1.534128851,1.820930084
SD,2010,6.9,12.8,11.8,14.4,12,14.4,23.97755683,30.75911541,33.76884305,6,50.35990608,11.6,13.1,15,46.4,10.8,29.8,0.9,6.2,9.014615482,0.979958675,1.315797532,0.010043321,0.742225918,1.971430426
TN,2010,11.3,12.8,13.6,14.5,12.4,13.5,21.09309178,33.63972146,28.85448481,11.3,48.68774813,13.4,12.4,15.5,41.9,12.7,28.3,2.4,6.6,0.262769713,1.463575704,16.77316779,0.032075398,1.393698844,1.698894917
TX,2010,9.7,14.3,13.8,13.7,10.3,10.4,23.25583199,26.25043705,31.00889135,8.8,49.61659515,11.8,11.2,14.4,48.9,11,31.1,2.8,5.2,0.511388593,3.838522485,11.76002531,0.07335755,7.542876831,2.169875782
UT,2010,6.5,16.2,11.9,11.2,8.7,9,25.28944499,24.98460873,39.47370334,9.3,50.34628516,10.2,10,15.2,54.9,8.8,28.5,1.4,3.8,1.248456223,1.867335814,1.033723049,0.936909434,3.726891962,2.358751349
VT,2010,6.8,11.2,12.4,16.2,14.6,14.6,30.49690046,31.78927199,28.71382755,8.1,49.2318998,11.7,10.9,14.6,49.6,11.9,30.9,1.3,5.4,0.246341619,1.248162822,1.048629305,0.029714359,0.353856476,1.647868873
VA,2010,8.7,13.6,13.9,15.1,12,12.2,31.22969125,26.05604888,29.30610671,7.9,49.12330395,9.1,9.1,13.2,58.2,10,31,2.6,5.6,0.305023903,5.458241808,19.55852846,0.083605236,2.401348251,2.732815784
WA,2010,7.6,13.9,13.5,14.6,12.5,12.3,28.16867756,24.54909428,36.02998967,10.8,49.79501804,10,9.9,13.9,55.1,11.9,30.1,1.8,5,1.478776175,7.1914788,3.545290856,0.591430405,3.994041957,4.49633301
WV,2010,11.7,11.7,12.9,14.6,14.4,16.1,16.39462601,40.72981197,26.14611781,8.9,49.25422323,15.4,12.7,15.4,38.2,12.9,26.4,1.6,8.2,0.166884847,0.584582408,3.101932984,0.037810691,0.2778897,1.950352028
WI,2010,7.1,12.6,12.7,15.4,12.4,13.7,24.22249071,33.19812822,32.25915998,8.9,49.66044034,12.1,11.5,15.2,49.1,10.8,31.1,1.1,5.9,0.838211317,2.267298091,6.157707009,0.02384447,1.578918607,2.122720125
WY,2010,7.2,13.6,11.7,15,13,12.4,21.82964521,30.04067686,39.301139,6.3,50.85444496,10.1,10.1,14,54.1,12.4,24.9,1.6,5.5,2.583176842,0.673741275,0.817064097,0.061474684,2.192538001,2.678312015
AL,2011,11.8,12.7,12.8,14.3,12.7,14,20.26832397,30.66253137,31.80318115,11.6,48.39764384,13.8,11.7,14.5,42.3,12.4,29.1,2.7,7,0.508209897,1.129750934,26.67425261,0.039956358,1.218033872,1.341942308
AK,2011,7.9,14.7,12.9,14.9,12.6,8.1,23.34984425,29.23291499,37.72121199,8.8,51.59910228,7.2,8.1,12.6,64.1,12.4,32.3,2.1,3.8,14.15393003,5.253916465,3.202217186,1.077183632,1.189814008,8.33367925
AZ,2011,9.5,13.4,12.7,12.9,11.7,14.2,23.9089096,25.38601155,35.77893405,11.1,49.80349417,12.3,11.4,15,47.2,12.6,32.1,2,5.6,4.470679159,2.735007532,4.102426454,0.184203483,6.204314536,2.997190129
AR,2011,11.2,13,12.5,13.7,12.4,14.6,18.51845856,35.31824112,30.05237739,9.4,49.28047478,14.7,12.3,15.2,39.2,13.4,26.1,2.4,6.8,0.570868614,1.168898757,15.77152185,0.247755345,2.135651752,1.947903644
CA,2011,8.9,14.3,13.7,13.9,11.1,11.7,27.2050846,22.17831894,32.23672072,12.3,49.74725612,10.4,9.4,12.7,55.7,9.7,36.3,2.4,5.2,0.768326637,13.1875162,5.979810735,0.389722867,12.57163341,4.22904256
CO,2011,6.7,14.6,13.8,14.3,12.3,11.2,33.32472309,23.17296418,32.90358308,9.3,50.20985789,10,9.6,14,54.9,11.9,30.9,1.7,4.6,1.009948413,2.809570677,3.972075494,0.116264162,4.323154568,3.37658566
CT,2011,9.3,12,13,16,12.9,14.4,33.38477838,27.771878,27.5240553,10.6,48.69971282,8.8,8.1,11.4,61.2,10.7,33.1,1.6,6.2,0.208925104,3.940029754,10.04502181,0.039545241,5.45403159,2.47392346
DE,2011,9.7,12.6,12.5,14.7,12.8,14.8,26.39332251,31.05361917,29.14977723,8.9,48.49531768,9.2,9.3,14,57.4,11.3,33.4,1.9,6.3,0.308002668,3.299398656,21.37487805,0.002425218,2.169688084,2.659802565
FL,2011,10.4,12.3,12.7,14.4,12.8,17.6,23.6430207,30.37616597,31.45180087,12.4,48.91055205,13.1,12.2,15.1,44.9,12.9,31.1,2.6,7.2,0.332760647,2.4303449,15.98646877,0.065826957,2.688757029,2.222117627
GA,2011,10.2,13.5,14.2,14.2,11.4,11,24.69300666,29.56402413,29.36206489,12.2,48.99534498,12.1,11,14.5,46.6,11.4,33.2,2.7,5.6,0.25450296,3.28919096,30.78820524,0.057655414,2.930227677,1.938155169
HI,2011,8.4,14,12.8,13.7,13,14.8,26.45782365,29.6743006,34.38224966,7.7,50.0869211,7.3,8.4,13.6,60.2,9.4,32.5,1.4,6.2,0.28673053,38.10155585,1.911609604,9.316705581,1.292687717,24.11620515
ID,2011,9.4,13,12.3,12.9,11.8,12.9,22.59569527,28.18637176,37.44729222,10,50.15277747,13.3,13.3,16.2,43.5,12.4,25.9,1.2,4.9,1.294081647,1.319444664,0.529468733,0.081199507,1.825758603,2.489613466
IL,2011,9.7,13.8,13.3,14.4,12,12.8,28.59337499,27.68960838,30.6481915,11,49.0261949,11.1,10,13.2,53.2,10,34.6,1.8,6,0.200617611,4.655396243,14.509802,0.010707687,6.089293875,2.047973391
IN,2011,10.2,12.8,12.8,14.2,12.3,13.1,20.97484382,34.8789521,30.67664473,10,49.20160161,12,11.8,15.1,46.8,12.5,30.4,1.6,6,0.196672601,1.57582061,9.039681617,0.012060909,2.411000162,2.184604941
IA,2011,8.2,12.6,11.8,14.1,12.8,15,23.68368344,32.07511714,34.54189441,6,49.38270436,11.1,11.6,15.1,49.6,10.8,28.8,1.3,6.5,0.39215507,1.829991683,2.882073625,0.032981649,1.413704496,1.988303597
KS,2011,9.5,13.1,12.2,13.9,12.1,13.3,27.20011239,27.56858427,34.73417975,7.4,49.56705087,11.6,11.6,15.5,49,11.7,28.8,1.5,5.8,0.82995558,2.341672825,5.839606469,0.057187875,2.500384851,3.362277875
KY,2011,10.8,12.9,13,14.6,12.7,13.6,19.257702,33.82239345,30.15870782,10.4,49.06318002,13.4,11.7,15,41.4,13.2,27.8,2.4,6.7,0.221130986,1.154037346,7.98236628,0.016684381,0.959203141,1.836586444
LA,2011,11.8,13.8,12.4,14,12.3,12.5,19.07390791,33.96902414,29.03787648,9.3,48.87862647,13,11.4,13.4,43.2,12,34.5,2.8,6.7,0.630186525,1.584406523,32.12958891,0.068330318,1.049655113,1.697569049
ME,2011,9.6,10.9,12.6,16.1,15,16.4,26.49214258,33.14925302,31.0751513,8.6,49.01986767,13.1,11.4,14.4,46.4,13.7,27.5,1.2,6.4,0.613467371,1.016271793,1.023800847,0.010088933,0.244618985,1.887308122
MD,2011,9.5,13.3,13.4,15.4,12.4,12.6,33.7553149,26.22939475,28.67533446,8.9,48.3883349,7.6,7.7,10.9,64.5,10.3,35.1,2.7,5.7,0.249301296,5.658092795,29.61285894,0.033011404,3.258194643,2.607025836
MA,2011,8,13.1,13.2,15.4,12.7,14,35.87036143,25.99190028,27.27209523,9.3,48.39129532,9.2,8.2,11.2,59.1,9.5,35.6,2,6,0.199771204,5.555461101,6.848190279,0.013024597,4.287141657,2.551151144
MI,2011,10,11.8,12.6,15,13.3,14.1,23.38299854,30.4458045,34.35958124,13.1,49.09462528,12.5,11.3,14.6,46.7,11.5,32.5,1.5,6.4,0.554049858,2.452687459,14.0554143,0.021445523,1.065644059,2.560006205
MN,2011,7.3,13.5,12.5,15,12.4,13.1,29.67288088,26.76304118,34.87889027,7.7,49.70140477,9.7,9.5,13.6,56.3,9.8,31.5,1.2,5.3,1.138327077,4.046316639,5.222624124,0.014275395,1.403179615,2.525248084
MS,2011,12.4,12.7,12.9,13.6,12.1,13,17.94062134,30.15771125,32.97347491,11.3,48.56901701,14.7,12.4,14.9,37.6,11.5,33.5,3.2,7,0.396674581,0.90907809,37.44685266,0.003625972,0.646799476,1.152991829
MO,2011,10.2,13.1,12.3,14.5,12.6,14.2,23.92391163,31.1439896,32.08648473,9.4,49.00863262,12.5,11.7,15.5,45.8,12,29.5,1.9,6.4,0.371438344,1.600266059,11.45258247,0.094697978,1.022511899,2.414598795
MT,2011,8,12.6,11.1,14.5,14.6,15.1,25.77691826,30.94402021,34.90817839,7.9,50.12136858,13.3,12.2,16.4,43.8,12.7,28.3,1.2,6.3,6.67642424,0.572430948,0.431276729,0.096974651,0.515829008,2.416852752
NE,2011,8.4,13.3,11.9,13.9,12.2,13.6,25.52490733,28.5695491,36.42128631,6.3,49.52109499,11.5,11.1,14.7,50.2,10.7,29,1.3,5.8,0.97604471,1.87323521,4.542013338,0.037609062,2.197552318,2.191148466
NV,2011,10.3,14.2,14,13.8,12,12.5,20.40693091,29.61135462,33.45258388,12.7,50.40718652,11.3,11.5,15.9,49.1,14,31.9,2.7,5,1.204594976,7.149172959,8.172041352,0.600736894,7.439553604,3.886613482
NH,2011,8.7,11.1,13.2,16.9,14.1,14,30.6587254,29.4915301,30.95047871,6.9,49.39030219,8.7,9.5,12.7,59.6,11.8,28,1.3,5.3,0.163405386,2.200131392,1.111748347,0.00887578,0.664242137,1.717653092
NJ,2011,8.8,12.7,13.8,15.5,12.3,13.7,32.74196615,29.34290103,25.90093488,10.9,48.72992256,8.8,8.2,11.2,62.1,8.6,33.8,2.1,6.4,0.239231711,8.475307372,13.40986526,0.038146932,6.176095987,2.457909423
NM,2011,10,13.2,11.8,13.6,12.8,13.6,22.74453665,26.72097156,33.10275141,11.2,49.78129154,13.7,11.6,14.6,42.8,13.4,32.6,1.9,5.7,9.164479902,1.231231606,2.130654531,0.056237946,12.64133926,3.083962148
NY,2011,10.5,13.9,13.2,14.8,12.3,13.7,30.41280087,27.25128009,27.37519061,9.6,48.48657324,10.6,9.2,12.1,54.2,8.7,37.7,2.8,6.2,0.347959489,7.437684807,15.59757654,0.028574075,8.583935729,2.70628137
NC,2011,10.9,12.9,13.7,14.2,12.3,13.2,24.47752612,27.62844712,32.44440695,11.7,48.54648228,12.8,12.2,14.8,44.6,10.6,30.5,3.3,6.2,1.156051825,2.18847581,21.65980887,0.042790269,2.737790197,2.121442554
ND,2011,8.2,13.7,11,13.8,12.7,14.4,23.47591495,27.04279082,40.18129424,3.1,50.28921004,11.2,10.2,14.2,51.5,9.6,30.4,0.8,6.1,5.631407801,1.033728499,1.002585052,0.021493365,0.637782704,1.850183936
OH,2011,10,12.3,12.6,14.8,13.1,14.3,22.58090968,34.26406862,30.95648089,10.4,48.86575959,12.2,11.6,14.6,46.4,12.2,31,1.9,6.6,0.169675904,1.687438951,12.09604961,0.017159016,0.858713043,2.304895014
OK,2011,11.1,13.6,12.3,13.6,12.1,13.6,21.51177832,31.65725569,32.4675171,7.5,49.52760221,13,12.3,15.2,43.7,13.3,26.7,2.1,6.4,6.876762491,1.72788769,7.263389659,0.142238919,2.393137506,7.955858197
OR,2011,9.3,13.7,13,13.7,13.6,14.3,26.67998079,25.70648593,36.41917707,12,49.4366143,12.1,11.3,15.1,47.3,12.9,29.8,1.8,5.4,1.343695625,3.949239887,1.80964751,0.389993541,4.331743485,3.478458281
PA,2011,9.5,12.1,12.4,15.1,13.3,15.6,24.96795743,36.63638191,26.80355454,9.4,48.78673481,11.6,10.6,14.1,50.1,9.4,33.3,2.3,7.2,0.135879737,2.810729061,10.77216731,0.015765659,2.036728572,1.940384619
RI,2011,8.4,12.3,12.7,15.2,12.9,14.6,28.46213562,26.3279272,30.52886132,10.3,48.35870188,10.5,9.2,12.8,53.3,11.4,35.3,1.9,6.5,0.415675039,3.161318061,6.030331912,0.017882587,5.93131184,2.735274926
SC,2011,12.1,12.7,12.9,13.9,13,14,21.67292827,30.82176538,31.29412816,11.9,48.603766,13.2,11.8,14.9,43.3,10.1,31.2,3.6,6.9,0.283038021,1.353983455,27.8911915,0.043639659,1.621805297,1.803523229
SD,2011,9.5,12.7,11.7,14.1,12.3,14.6,23.51129786,30.9102767,35.11258226,5.5,49.81361078,12.4,11.5,14.3,48.8,10.5,30.1,1.1,6,8.680204154,0.953181844,1.154860803,0.00764487,0.853191794,2.443931551
TN,2011,11.2,13,13.1,14.4,12.7,13.7,21.57309843,33.82804133,29.03805981,10.6,48.7080909,13.7,12.4,15,42.4,13.1,28.8,2.3,6.7,0.292534239,1.441213689,16.73284293,0.035903065,1.671483674,1.89703738
TX,2011,10.2,14.3,13.7,13.4,10.6,10.5,23.67507949,26.06475036,31.21781387,8.5,49.62539554,11.7,10.9,14.1,49.5,11,31.4,2.7,5.2,0.501556378,3.891452439,11.73060339,0.072935668,6.894769209,2.324866276
UT,2011,6.7,15.7,12.3,10.8,9.1,9.2,25.72377862,24.5287753,39.72460154,8,50.32045753,9.5,10.1,14.6,55.4,9.4,29.2,1.6,3.6,1.128594055,2.011875528,1.15447061,0.965809581,4.00351836,2.461928808
VT,2011,7.7,11.3,12.4,16,15,14.9,32.24203712,29.56840742,29.9632391,6.4,49.23016262,10.7,10.4,14.8,52.4,12,30.8,1.1,5.2,0.341617832,1.234453595,0.829141597,0.039110453,0.195871533,2.177254957
VA,2011,10.4,13.6,13.7,14.9,12.3,12.5,32.06207134,26.10191865,29.60959324,7.6,49.14133135,8.8,9,12.5,59.3,10.1,31.4,2.6,5.6,0.301039794,5.622628944,19.53228786,0.062791758,2.148604526,2.973419473
WA,2011,8.9,14,13.4,14.3,12.8,12.6,28.98055132,24.52351554,35.7581783,10.3,49.89812648,9.5,9.7,13.8,55.8,12.4,30.2,1.7,5,1.342642603,7.345669233,3.508984869,0.590040641,4.080182277,4.69717738
WV,2011,12,11.8,12.6,14.5,14.7,16.2,17.33660565,40.76900403,26.09439032,8.9,49.28811813,14.9,12.4,14.5,39.2,12.9,27.6,2,8.1,0.152746307,0.619393283,3.027869464,0.00679112,0.239952915,2.067896111
WI,2011,8.4,12.8,12.5,15.1,12.9,13.9,24.18229289,32.88456559,32.87692748,8.2,49.63668861,11.5,10.9,15,50.5,10.5,31.2,1.2,5.8,0.841508416,2.286805467,6.242376483,0.02599896,1.361365056,2.044848818
WY,2011,8.2,14,11.7,14.2,13.5,12.7,22.39850577,30.70712453,38.34424142,5.1,50.93935138,10.4,11.2,14.4,55.1,12.9,28,1.3,5.2,2.154506317,0.850643659,0.893941474,0.035377483,2.610013412,2.752755396
AL,2012,12.3,12.6,12.8,13.9,12.7,14.5,21.16426565,30.98359491,31.74667107,10,48.45043253,13,11.5,14.3,42.9,12.7,29.3,2.5,7,0.500536808,1.216895896,26.46532379,0.028162454,1.088091036,1.572929038
AK,2012,7,15,13.1,14.3,12.8,8.5,24.70924724,29.84282155,36.36801817,7.8,52.10124014,8.3,8.2,12,63.5,12.4,34.1,2,3.8,14.02449111,5.850031923,3.582888212,1.125300602,0.929114675,7.969386793
AZ,2012,10.6,13.3,12.7,12.8,11.7,14.8,24.69908924,25.08114576,35.58285297,9.8,49.75675447,11.7,11.3,15.1,48.2,12.5,32.7,2,5.5,4.423496415,2.905273791,4.369477458,0.183679713,6.422792948,2.891708014
AR,2012,11.3,12.9,12.5,13.4,12.4,15,19.14573216,35.04547768,30.68605132,8.4,49.14210322,14.6,12.4,14.9,40.3,13.3,26.9,2.3,6.9,0.592886515,1.337614368,15.67180298,0.177035201,1.996011706,1.965968958
CA,2012,9.8,14.4,13.6,13.8,11.3,12.1,27.82760576,21.70326884,32.49981168,11.4,49.72939503,10.1,9.2,12.6,56.5,9.8,36.6,2.4,5.1,0.750082213,13.45994091,5.950677985,0.385663736,12.91458812,4.426384602
CO,2012,7.4,14.6,13.6,14,12.4,11.8,34.00839059,22.60177697,33.25271489,7.8,50.1460989,9.8,9.7,13.7,56,12.4,30.9,1.7,4.4,0.924303462,2.835270845,4.207972038,0.102321274,4.232511409,3.329354601
CT,2012,9.2,12.1,12.8,15.8,13,14.8,34.17446101,28.00636582,27.43997235,9.7,48.73640347,8.5,8,10.9,62.1,10.6,33.8,1.4,6,0.323840565,4.117429318,10.20374911,0.062974414,4.551732743,2.614900454
DE,2012,9.6,12.4,12.2,14.5,12.8,15.4,26.80685846,31.35548997,29.60196413,8.8,48.48924644,9.6,9.6,13.3,57.3,11.8,32.7,2,6.2,0.312727622,3.34012291,21.47548992,0.015701805,2.53529635,2.61184265
FL,2012,11.4,12.4,12.5,14.2,12.7,18.2,24.62751832,29.89468674,31.82271968,11.5,48.87261688,12.8,12.1,15.2,45.6,13.2,31.1,2.5,7.1,0.266446584,2.5264671,16.07758803,0.060095557,2.377944263,2.374833105
GA,2012,9.9,13.6,14.1,14,11.5,11.5,25.31382159,28.60236155,30.63027454,11,48.90201508,11.8,10.9,14,47.9,11.4,33.2,2.6,5.7,0.243610222,3.397347465,30.88088694,0.02905258,3.002163822,2.034849992
HI,2012,7.8,14.3,12.6,13.3,13,15.1,27.40590675,29.70999273,33.44776039,7.1,50.36195166,7.9,7.3,12.3,62.6,9.5,33.4,1.5,6.2,0.2264577,38.18559476,1.839600722,10.4436287,1.113183602,23.25087821
ID,2012,8.5,13.2,12.3,12.6,12.1,13.2,22.96026221,28.42949915,37.89688738,8,50.05314189,12.7,12.7,15.9,45.9,12.5,26,1.3,5.2,1.301224269,1.291761503,0.548903071,0.105657104,2.883386141,2.476863225
IL,2012,9.4,13.9,13.2,14.1,12.1,13.2,29.1709537,27.05109184,31.24804115,10.2,49.06041084,10.4,9.7,13.2,54.4,10,34.6,1.8,5.9,0.208259953,4.799314654,14.39533431,0.032861485,5.680493318,2.196733191
IN,2012,10.9,12.7,12.6,14.1,12.5,13.6,21.37196395,34.51582606,30.88211701,8.8,49.21188056,12,11.6,15.8,47.3,12.7,30.1,1.4,6,0.249260631,1.648011254,9.150075551,0.043198038,2.409086028,2.169309385
IA,2012,9.7,12.7,11.7,13.8,12.7,15.3,24.17329927,31.45734499,35.56809145,5.3,49.57757924,11,11.2,14.5,51,11.4,28.3,1.3,6.3,0.265208416,1.83850294,2.981602284,0.073515396,1.225365023,1.950988001
KS,2012,9.4,13.2,12,13.6,12.2,13.7,27.29493567,27.39746839,34.86455779,6.5,49.71116513,11.4,11.2,15.2,50.3,12.2,28.2,1.6,5.8,0.90394521,2.48868206,5.801091859,0.07841561,2.007793049,3.17033998
KY,2012,10.7,12.8,13,14.3,12.9,14,19.94603609,34.23968221,29.85555098,9.3,49.19485939,13.2,11.9,14.4,42.5,13.2,27.8,2.2,6.7,0.185849971,1.264651865,7.866469273,0.049059279,0.874711643,1.990930083
LA,2012,12.3,14.1,12.3,13.8,12.3,13,19.93123273,33.87616816,28.79611126,8.8,48.86875901,13.1,11.1,13.5,44.2,12.3,34.5,2.9,6.6,0.555228033,1.569267256,32.2310623,0.048001985,1.058194965,1.705276503
ME,2012,9.7,11.1,12.2,15.8,15.2,17,25.88923143,34.46122921,30.91076857,7.6,48.95560611,11.9,12,14.9,47.2,14.2,27.4,1.2,6.4,0.606834829,1.084418203,1.024231262,0.011736453,0.188761293,1.963975107
MD,2012,10.2,13.6,13.1,15.2,12.5,13,33.81530707,26.46364266,28.65803804,8.3,48.41975521,7.4,7.2,11.3,65.1,10.1,34.9,2.6,5.8,0.291797369,5.769791232,29.24492439,0.044812164,3.449347046,3.120418628
MA,2012,8.3,13.4,12.9,15.1,12.8,14.5,36.08489669,26.17558028,27.27390868,8.5,48.44542941,8.9,7.7,11,60.4,10.1,36,2,5.9,0.199062795,5.736589517,7.124838102,0.013541687,4.055614805,2.765317754
MI,2012,10.5,11.8,12.4,14.8,13.4,14.6,23.70120024,30.23428186,34.85961567,11.3,49.08683889,12.1,11.3,14.7,47.3,11.8,32.6,1.5,6.1,0.57021094,2.510209079,14.04744945,0.018505852,0.95060789,2.5734568
MN,2012,7.3,13.7,12.5,14.6,12.6,13.6,30.58799134,26.27794352,34.9871658,6.3,49.64997186,9.2,9.3,13.7,57.4,10.2,31.3,1.1,5,1.045334579,4.21818436,5.338493763,0.043427024,1.363842801,2.536632721
MS,2012,12.5,12.5,12.6,13.2,12.2,13.5,18.34635659,30.41098475,33.5135794,11.3,48.31181745,15,11.9,14.6,37.9,11.9,33.4,3.2,7.2,0.421819502,0.801460405,37.64314425,0.013367166,0.76400554,1.100596799
MO,2012,10.7,13.1,12.1,14.2,12.7,14.7,24.09523085,31.40686292,32.17901754,8.6,49.04677658,12.3,11.9,14.9,46,12.5,29.9,2,6.6,0.464962733,1.69678186,11.48509429,0.074394037,1.176887101,2.371741691
MT,2012,7.2,12.3,11.4,14.1,14.7,15.8,26.62200583,29.77508092,35.26418591,7.2,50.08829607,13.3,11.9,15.1,45.6,12.3,27.6,1.3,6.1,6.481478718,0.640905107,0.358656149,0.11769493,0.649262143,2.563819404
NE,2012,8.1,13.4,12,13.5,12.3,13.8,26.58512533,27.32642823,36.27484913,5.3,49.74866951,11.2,11.2,15.3,50.9,10.4,29.5,1.2,6.1,0.852481104,1.976260088,4.606944126,0.066126837,2.304145727,2.081405532
NV,2012,8.9,14.3,13.8,13.6,12,13,20.31222205,29.2605827,34.51208001,12.3,50.44939507,11.4,11.5,15.5,49.8,14.6,32.3,2.4,5.1,1.138665664,7.529583016,8.253051635,0.668411062,8.589993733,4.148273371
NH,2012,9.1,11.3,12.8,16.6,14.3,14.7,31.62446954,29.46015754,30.46271125,6.5,49.08602745,8.9,8.9,12.8,60.7,12.3,29.6,1.3,5.5,0.175737743,2.252032607,1.250456191,0.014461831,0.441199408,1.833548115
NJ,2012,9.3,12.7,13.5,15.4,12.5,14.1,33.65930962,28.7,25.85997059,10.1,48.74941763,8.1,8.2,10.8,62.9,8.6,34,2,6.2,0.24337279,8.744634552,13.62373217,0.029397863,5.90063387,2.513415736
NM,2012,10.3,13.2,11.9,13.3,12.8,14.1,23.25907727,26.68672732,33.68061082,10.3,49.62158445,12.8,12.1,13.9,44.1,13.1,33.1,1.8,5.8,9.24955575,1.328865741,2.054290068,0.068615388,12.23161601,3.150218313
NY,2012,9.7,14.1,12.9,14.5,12.4,14.1,30.94459496,26.65184736,27.92558898,9.2,48.47085075,10.3,8.9,12,55.1,8.8,38,2.8,6.2,0.375017993,7.65623923,15.56754915,0.038098623,8.400751528,2.723581459
NC,2012,10.4,12.8,13.6,14,12.3,13.8,24.8375255,27.29647403,32.71713337,10.8,48.71832891,12.3,11.8,14.9,45.5,10.8,30.7,3.2,6.2,1.16159918,2.335165046,21.61497355,0.057095553,2.624457385,2.299100919
ND,2012,8.6,14.2,11.1,13.2,12.6,14.4,24.86780379,27.80724946,39.02857148,3.3,51.11159073,9.8,10.4,15.1,53.4,9.7,31.5,0.9,6.1,5.331547622,0.962940305,1.458203502,0.170090391,0.559726026,2.013927401
OH,2012,11.7,12.4,12.3,14.5,13.3,14.8,23.2569106,34.03595691,31.16843231,9.1,48.87841323,12.3,11,14.7,47.3,12.5,31.2,1.8,6.4,0.187903476,1.7400735,12.24083903,0.035524256,0.792153653,2.303957173
OK,2012,11.5,13.6,12.3,13.3,12,14.1,21.47188404,31.73586073,33.02543126,6.8,49.53856276,12.8,11.7,15.3,44.9,13.5,27.5,2.2,6.7,7.288102715,1.848763507,7.151582512,0.10288821,2.343701669,7.71989242
OR,2012,9.9,13.7,13,13.4,13.6,14.9,27.23198354,25.70362363,36.66258101,11,49.56691533,11.8,10.6,14.6,49.3,13.4,30.2,1.9,5.5,1.207020754,3.832815341,1.787963285,0.420967273,3.558436489,4.009665193
PA,2012,10.2,12.3,12.2,14.7,13.4,16,25.82300262,36.23009218,26.80627745,8.9,48.8056993,11.3,10.6,13.8,51.4,9.5,33.2,2.2,7.1,0.166960002,2.891017035,10.96877072,0.055901437,1.924827101,2.0652349
RI,2012,9.8,12.3,12.4,15,13.1,15.1,28.63815379,27.87094572,30.11049752,9.4,48.25658007,10.1,9.1,13,53.6,11.5,35.6,1.8,6.3,0.457872668,3.219485629,6.45915612,0.019137535,5.381741459,2.780845708
SC,2012,11.6,12.7,12.7,13.7,12.9,14.7,22.71360899,29.97527166,32.076295,11.2,48.60109282,13,11.7,15.2,43.8,10.7,31.9,3.4,6.8,0.324256947,1.269253087,27.67069534,0.036793013,1.673383473,2.005515565
SD,2012,7.8,13.3,11.3,13.3,12.9,14.5,23.70522943,32.02573768,33.91946237,4.7,50.13511665,11.5,11.5,16.9,48.2,11,30.5,1.3,6.2,8.79638185,1.144411619,1.566561149,0.055198631,0.930576922,2.121547386
TN,2012,11.9,13,13.2,14,12.7,14.3,22.33333824,33.36474293,29.77926857,9.5,48.70876143,13,12.5,14.9,43.5,13,29.2,2.3,6.4,0.272511428,1.488264924,16.91012869,0.040549899,1.44446236,1.833326286
TX,2012,10.6,14.4,13.7,13.2,10.7,10.9,23.99516799,25.89029567,31.62723767,8,49.67618542,11.2,10.7,14,50.8,11,31.6,2.8,5.1,0.483671738,4.036969204,11.89378278,0.08418523,6.136810861,2.357796591
UT,2012,7.2,15.6,12.5,10.8,9.1,9.5,26.78168573,24.06297554,39.54102675,6.8,50.25862549,9.5,9.4,14.8,56.8,9.5,29.5,1.7,3.7,1.101395411,2.19154852,1.113618351,0.902361129,4.17453657,2.43754831
VT,2012,7.3,11.2,11.8,15.6,15.2,15.7,32.40198199,29.88461091,29.1859807,6.4,49.38954747,10.5,10.1,14.6,53.2,12.1,30.8,1.4,5.9,0.345840568,1.315312351,1.02410341,0,0.215491421,2.012744185
VA,2012,10.6,13.9,13.5,14.6,12.3,13,32.34097182,26.03101479,29.70633641,6.9,49.0485003,9,8.8,12.6,59.3,10.2,31.8,2.4,5.5,0.281240826,5.737559626,19.25584669,0.061178614,2.286257522,3.221320356
WA,2012,8.8,14.1,13.3,14.1,12.8,13.2,28.86627453,24.49002158,36.19130238,8.7,49.89739035,9.3,9.4,13.7,56.6,12.3,30.7,1.7,4.9,1.377625557,7.388199412,3.604908908,0.596722175,3.701182483,4.994365676
WV,2012,13,11.8,12.4,14.3,14.7,16.8,17.40349247,40.0290609,27.36965422,8,49.13628394,14.8,12,14.4,40.8,13.3,27.4,1.5,7.9,0.142070795,0.656080344,3.304170015,0.038643687,0.237359553,1.941831819
WI,2012,8.3,12.8,12.2,14.8,13,14.4,24.98294939,32.12286867,33.27848495,7.3,49.64267241,11.2,10.7,15,51.2,11,31.2,1.2,5.8,0.910886739,2.371735251,6.274747232,0.018615542,1.678943727,1.996543028
WY,2012,9.1,13.9,11.9,13.5,13.7,13,22.22409039,30.44014989,38.13907895,5.6,50.7858962,10.3,10.1,14,54.7,12.8,27.2,1.8,5.4,2.146901869,0.97794633,0.992345753,0.013531988,1.936288627,3.060831489